description,image_url,alt_text
"🏆 Which is the BEST song of 2026 so far? Tell us your pick and defend your choice in the comments!
#MusicLovers #NewMusic #NewGenMusic #NowPlaying #MusicCommunity - @tr3ndingstories","https://hashidosperb.github.io/imgdump/musicstory/tr3ndingstories/music_engagement_posts_200/0001-quote.jpg","Instagram music engagement post asking: Which is the BEST song of 2026 so far?"
"🎵 What's your favorite song from the 80s? Share your answer and discover what other music lovers are choosing!
#MusicLovers #ThrowbackMusic #Nostalgia #RetroMusic #MusicCommunity - @tr3ndingstories","https://hashidosperb.github.io/imgdump/musicstory/tr3ndingstories/music_engagement_posts_200/0002-quote.jpg","Instagram music engagement post asking: What's your favorite song from the 80s?"
"🏆 Who is the best pop singer right now? Tell us your pick and defend your choice in the comments!
#MusicLovers #PopMusic #PopFans #MusicDebate #MusicCommunity - @tr3ndingstories","https://hashidosperb.github.io/imgdump/musicstory/tr3ndingstories/music_engagement_posts_200/0003-quote.jpg","Instagram music engagement post asking: Who is the best pop singer right now?"
"🎧 What's your current #1 song? Drop your answer below and join the music conversation!
#MusicLovers #NowPlaying #MusicDebate #SongOfTheDay #MusicCommunity - @tr3ndingstories","https://hashidosperb.github.io/imgdump/musicstory/tr3ndingstories/music_engagement_posts_200/0004-quote.jpg","Instagram music engagement post asking: What's your current #1 song?"
"🎧 Which 90s song still hits different? Drop your answer below and join the music conversation!
#MusicLovers #ThrowbackMusic #Nostalgia #RetroMusic #MusicCommunity - @tr3ndingstories","https://hashidosperb.github.io/imgdump/musicstory/tr3ndingstories/music_engagement_posts_200/0005-quote.jpg","Instagram music engagement post asking: Which 90s song still hits different?"
"🏆 Who is dominating music in 2026? Tell us your pick and defend your choice in the comments!
#MusicLovers #NewMusic #NewGenMusic #NowPlaying #MusicCommunity - @tr3ndingstories","https://hashidosperb.github.io/imgdump/musicstory/tr3ndingstories/music_engagement_posts_200/0006-quote.jpg","Instagram music engagement post asking: Who is dominating music in 2026?"
"🎵 What's your favorite song from the 2000s? Share your answer and discover what other music lovers are choosing!
#MusicLovers #ThrowbackMusic #Nostalgia #RetroMusic #MusicCommunity - @tr3ndingstories","https://hashidosperb.github.io/imgdump/musicstory/tr3ndingstories/music_engagement_posts_200/0007-quote.jpg","Instagram music engagement post asking: What's your favorite song from the 2000s?"
"🏆 Which artist has the best voice? Tell us your pick and defend your choice in the comments!
#MusicLovers #NowPlaying #MusicDebate #SongOfTheDay #MusicCommunity - @tr3ndingstories","https://hashidosperb.github.io/imgdump/musicstory/tr3ndingstories/music_engagement_posts_200/0008-quote.jpg","Instagram music engagement post asking: Which artist has the best voice?"
"🎧 What's the most underrated song you've heard recently? Drop your answer below and join the music conversation!
#MusicLovers #NowPlaying #MusicDebate #SongOfTheDay #MusicCommunity - @tr3ndingstories","https://hashidosperb.github.io/imgdump/musicstory/tr3ndingstories/music_engagement_posts_200/0009-quote.jpg","Instagram music engagement post asking: What's the most underrated song you've heard recently?"
"🏆 Which decade had the BEST music? Tell us your pick and defend your choice in the comments!
#MusicLovers #ThrowbackMusic #Nostalgia #RetroMusic #MusicCommunity - @tr3ndingstories","https://hashidosperb.github.io/imgdump/musicstory/tr3ndingstories/music_engagement_posts_200/0010-quote.jpg","Instagram music engagement post asking: Which decade had the BEST music?"
"🎵 What's your favorite album of 2026? Share your answer and discover what other music lovers are choosing!
#MusicLovers #NewMusic #NewGenMusic #NowPlaying #MusicCommunity - @tr3ndingstories","https://hashidosperb.github.io/imgdump/musicstory/tr3ndingstories/music_engagement_posts_200/0011-quote.jpg","Instagram music engagement post asking: What's your favorite album of 2026?"
"🎧 Which song instantly takes you back to your childhood? Drop your answer below and join the music conversation!
#MusicLovers #ThrowbackMusic #Nostalgia #RetroMusic #MusicCommunity - @tr3ndingstories","https://hashidosperb.github.io/imgdump/musicstory/tr3ndingstories/music_engagement_posts_200/0012-quote.jpg","Instagram music engagement post asking: Which song instantly takes you back to your childhood?"
"🎧 Who deserves Artist of the Year? Drop your answer below and join the music conversation!
#MusicLovers #NowPlaying #MusicDebate #SongOfTheDay #MusicCommunity - @tr3ndingstories","https://hashidosperb.github.io/imgdump/musicstory/tr3ndingstories/music_engagement_posts_200/0013-quote.jpg","Instagram music engagement post asking: Who deserves Artist of the Year?"
"🎵 What's your favorite retro song? Share your answer and discover what other music lovers are choosing!
#MusicLovers #ThrowbackMusic #Nostalgia #RetroMusic #MusicCommunity - @tr3ndingstories","https://hashidosperb.github.io/imgdump/musicstory/tr3ndingstories/music_engagement_posts_200/0014-quote.jpg","Instagram music engagement post asking: What's your favorite retro song?"
"🎧 Which new artist should everyone be listening to? Drop your answer below and join the music conversation!
#MusicLovers #NewMusic #NewGenMusic #NowPlaying #MusicCommunity - @tr3ndingstories","https://hashidosperb.github.io/imgdump/musicstory/tr3ndingstories/music_engagement_posts_200/0015-quote.jpg","Instagram music engagement post asking: Which new artist should everyone be listening to?"
"🎵 Drop your favorite song and let others rate it. Share your answer and discover what other music lovers are choosing!
#MusicLovers #NowPlaying #MusicDebate #SongOfTheDay #MusicCommunity - @tr3ndingstories","https://hashidosperb.github.io/imgdump/musicstory/tr3ndingstories/music_engagement_posts_200/0016-quote.jpg","Instagram music engagement post asking: Drop your favorite song and let others rate it."
"🏆 What's the greatest pop song of all time? Tell us your pick and defend your choice in the comments!
#MusicLovers #PopMusic #PopFans #MusicDebate #MusicCommunity - @tr3ndingstories","https://hashidosperb.github.io/imgdump/musicstory/tr3ndingstories/music_engagement_posts_200/0017-quote.jpg","Instagram music engagement post asking: What's the greatest pop song of all time?"
"🎵 Which 80s artist is your favorite? Share your answer and discover what other music lovers are choosing!
#MusicLovers #ThrowbackMusic #Nostalgia #RetroMusic #MusicCommunity - @tr3ndingstories","https://hashidosperb.github.io/imgdump/musicstory/tr3ndingstories/music_engagement_posts_200/0018-quote.jpg","Instagram music engagement post asking: Which 80s artist is your favorite?"
"🎧 What's currently on your repeat? Drop your answer below and join the music conversation!
#MusicLovers #NowPlaying #MusicDebate #SongOfTheDay #MusicCommunity - @tr3ndingstories","https://hashidosperb.github.io/imgdump/musicstory/tr3ndingstories/music_engagement_posts_200/0019-quote.jpg","Instagram music engagement post asking: What's currently on your repeat?"
"🏆 Which artist has the BEST discography? Tell us your pick and defend your choice in the comments!
#MusicLovers #RapMusic #HipHop #MusicDebate #MusicCommunity - @tr3ndingstories","https://hashidosperb.github.io/imgdump/musicstory/tr3ndingstories/music_engagement_posts_200/0020-quote.jpg","Instagram music engagement post asking: Which artist has the BEST discography?"
"🎵 What's your favorite song from the 90s? Share your answer and discover what other music lovers are choosing!
#MusicLovers #ThrowbackMusic #Nostalgia #RetroMusic #MusicCommunity - @tr3ndingstories","https://hashidosperb.github.io/imgdump/musicstory/tr3ndingstories/music_engagement_posts_200/0021-quote.jpg","Instagram music engagement post asking: What's your favorite song from the 90s?"
"🎧 Which song deserves Song of the Year? Drop your answer below and join the music conversation!
#MusicLovers #NowPlaying #MusicDebate #SongOfTheDay #MusicCommunity - @tr3ndingstories","https://hashidosperb.github.io/imgdump/musicstory/tr3ndingstories/music_engagement_posts_200/0022-quote.jpg","Instagram music engagement post asking: Which song deserves Song of the Year?"
"🏆 Who is your favorite new-gen artist? Tell us your pick and defend your choice in the comments!
#MusicLovers #NewMusic #NewGenMusic #NowPlaying #MusicCommunity - @tr3ndingstories","https://hashidosperb.github.io/imgdump/musicstory/tr3ndingstories/music_engagement_posts_200/0023-quote.jpg","Instagram music engagement post asking: Who is your favorite new-gen artist?"
"🎧 What's the most nostalgic song on your playlist? Drop your answer below and join the music conversation!
#MusicLovers #NowPlaying #MusicDebate #SongOfTheDay #MusicCommunity - @tr3ndingstories","https://hashidosperb.github.io/imgdump/musicstory/tr3ndingstories/music_engagement_posts_200/0024-quote.jpg","Instagram music engagement post asking: What's the most nostalgic song on your playlist?"
"🏆 Which singer has the best live performances? Tell us your pick and defend your choice in the comments!
#MusicLovers #NowPlaying #MusicDebate #SongOfTheDay #MusicCommunity - @tr3ndingstories","https://hashidosperb.github.io/imgdump/musicstory/tr3ndingstories/music_engagement_posts_200/0025-quote.jpg","Instagram music engagement post asking: Which singer has the best live performances?"
"🔥 80s vs 90s — which era wins? Pick your side and tag a friend who would choose differently!
#MusicLovers #ThrowbackMusic #Nostalgia #RetroMusic #MusicCommunity - @tr3ndingstories","https://hashidosperb.github.io/imgdump/musicstory/tr3ndingstories/music_engagement_posts_200/0026-quote.jpg","Instagram music engagement post asking: 80s vs 90s — which era wins?"
"🎵 What's your favorite song released this year? Share your answer and discover what other music lovers are choosing!
#MusicLovers #NowPlaying #MusicDebate #SongOfTheDay #MusicCommunity - @tr3ndingstories","https://hashidosperb.github.io/imgdump/musicstory/tr3ndingstories/music_engagement_posts_200/0027-quote.jpg","Instagram music engagement post asking: What's your favorite song released this year?"
"🎧 Which old song never gets old? Drop your answer below and join the music conversation!
#MusicLovers #ThrowbackMusic #Nostalgia #RetroMusic #MusicCommunity - @tr3ndingstories","https://hashidosperb.github.io/imgdump/musicstory/tr3ndingstories/music_engagement_posts_200/0028-quote.jpg","Instagram music engagement post asking: Which old song never gets old?"
"🏆 Who has the BEST stage presence? Tell us your pick and defend your choice in the comments!
#MusicLovers #NowPlaying #MusicDebate #SongOfTheDay #MusicCommunity - @tr3ndingstories","https://hashidosperb.github.io/imgdump/musicstory/tr3ndingstories/music_engagement_posts_200/0029-quote.jpg","Instagram music engagement post asking: Who has the BEST stage presence?"
"🎧 What's one song everyone should hear at least once? Drop your answer below and join the music conversation!
#MusicLovers #NowPlaying #MusicDebate #SongOfTheDay #MusicCommunity - @tr3ndingstories","https://hashidosperb.github.io/imgdump/musicstory/tr3ndingstories/music_engagement_posts_200/0030-quote.jpg","Instagram music engagement post asking: What's one song everyone should hear at least once?"
"🏆 Which 2000s artist had the BEST era? Tell us your pick and defend your choice in the comments!
#MusicLovers #ThrowbackMusic #Nostalgia #RetroMusic #MusicCommunity - @tr3ndingstories","https://hashidosperb.github.io/imgdump/musicstory/tr3ndingstories/music_engagement_posts_200/0031-quote.jpg","Instagram music engagement post asking: Which 2000s artist had the BEST era?"
"🎧 What's your most controversial music opinion? Drop your answer below and join the music conversation!
#MusicLovers #NowPlaying #MusicDebate #SongOfTheDay #MusicCommunity - @tr3ndingstories","https://hashidosperb.github.io/imgdump/musicstory/tr3ndingstories/music_engagement_posts_200/0032-quote.jpg","Instagram music engagement post asking: What's your most controversial music opinion?"
"🏆 Which artist deserves more recognition in 2026? Tell us your pick and defend your choice in the comments!
#MusicLovers #NewMusic #NewGenMusic #NowPlaying #MusicCommunity - @tr3ndingstories","https://hashidosperb.github.io/imgdump/musicstory/tr3ndingstories/music_engagement_posts_200/0033-quote.jpg","Instagram music engagement post asking: Which artist deserves more recognition in 2026?"
"🎵 What's your favorite childhood song? Share your answer and discover what other music lovers are choosing!
#MusicLovers #ThrowbackMusic #Nostalgia #RetroMusic #MusicCommunity - @tr3ndingstories","https://hashidosperb.github.io/imgdump/musicstory/tr3ndingstories/music_engagement_posts_200/0034-quote.jpg","Instagram music engagement post asking: What's your favorite childhood song?"
"🏆 Best album of the 2000s? Tell us your pick and defend your choice in the comments!
#MusicLovers #ThrowbackMusic #Nostalgia #RetroMusic #MusicCommunity - @tr3ndingstories","https://hashidosperb.github.io/imgdump/musicstory/tr3ndingstories/music_engagement_posts_200/0035-quote.jpg","Instagram music engagement post asking: Best album of the 2000s?"
"🎧 Which song is your current guilty pleasure? Drop your answer below and join the music conversation!
#MusicLovers #NowPlaying #MusicDebate #SongOfTheDay #MusicCommunity - @tr3ndingstories","https://hashidosperb.github.io/imgdump/musicstory/tr3ndingstories/music_engagement_posts_200/0036-quote.jpg","Instagram music engagement post asking: Which song is your current guilty pleasure?"
"🏆 Who is the ultimate pop icon? Tell us your pick and defend your choice in the comments!
#MusicLovers #PopMusic #PopFans #MusicDebate #MusicCommunity - @tr3ndingstories","https://hashidosperb.github.io/imgdump/musicstory/tr3ndingstories/music_engagement_posts_200/0037-quote.jpg","Instagram music engagement post asking: Who is the ultimate pop icon?"
"🎧 What's an old song you discovered recently? Drop your answer below and join the music conversation!
#MusicLovers #ThrowbackMusic #Nostalgia #RetroMusic #MusicCommunity - @tr3ndingstories","https://hashidosperb.github.io/imgdump/musicstory/tr3ndingstories/music_engagement_posts_200/0038-quote.jpg","Instagram music engagement post asking: What's an old song you discovered recently?"
"🏆 Which artist needs to release new music ASAP? Tell us your pick and defend your choice in the comments!
#MusicLovers #NowPlaying #MusicDebate #SongOfTheDay #MusicCommunity - @tr3ndingstories","https://hashidosperb.github.io/imgdump/musicstory/tr3ndingstories/music_engagement_posts_200/0039-quote.jpg","Instagram music engagement post asking: Which artist needs to release new music ASAP?"
"🎵 What's your favorite song from before 1980? Share your answer and discover what other music lovers are choosing!
#MusicLovers #NowPlaying #MusicDebate #SongOfTheDay #MusicCommunity - @tr3ndingstories","https://hashidosperb.github.io/imgdump/musicstory/tr3ndingstories/music_engagement_posts_200/0040-quote.jpg","Instagram music engagement post asking: What's your favorite song from before 1980?"
"🎧 Which song makes you instantly happy? Drop your answer below and join the music conversation!
#MusicLovers #NowPlaying #MusicDebate #SongOfTheDay #MusicCommunity - @tr3ndingstories","https://hashidosperb.github.io/imgdump/musicstory/tr3ndingstories/music_engagement_posts_200/0041-quote.jpg","Instagram music engagement post asking: Which song makes you instantly happy?"
"🏆 Best 90s pop song? Tell us your pick and defend your choice in the comments!
#MusicLovers #ThrowbackMusic #Nostalgia #RetroMusic #MusicCommunity - @tr3ndingstories","https://hashidosperb.github.io/imgdump/musicstory/tr3ndingstories/music_engagement_posts_200/0042-quote.jpg","Instagram music engagement post asking: Best 90s pop song?"
"🏆 Who is your all-time favorite singer? Tell us your pick and defend your choice in the comments!
#MusicLovers #NowPlaying #MusicDebate #SongOfTheDay #MusicCommunity - @tr3ndingstories","https://hashidosperb.github.io/imgdump/musicstory/tr3ndingstories/music_engagement_posts_200/0043-quote.jpg","Instagram music engagement post asking: Who is your all-time favorite singer?"
"🎧 Which new-gen song will become a classic? Drop your answer below and join the music conversation!
#MusicLovers #ThrowbackMusic #Nostalgia #RetroMusic #MusicCommunity - @tr3ndingstories","https://hashidosperb.github.io/imgdump/musicstory/tr3ndingstories/music_engagement_posts_200/0044-quote.jpg","Instagram music engagement post asking: Which new-gen song will become a classic?"
"🎵 What's your favorite love song? Share your answer and discover what other music lovers are choosing!
#MusicLovers #NowPlaying #MusicDebate #SongOfTheDay #MusicCommunity - @tr3ndingstories","https://hashidosperb.github.io/imgdump/musicstory/tr3ndingstories/music_engagement_posts_200/0045-quote.jpg","Instagram music engagement post asking: What's your favorite love song?"
"🏆 Which artist has the most iconic songs? Tell us your pick and defend your choice in the comments!
#MusicLovers #NowPlaying #MusicDebate #SongOfTheDay #MusicCommunity - @tr3ndingstories","https://hashidosperb.github.io/imgdump/musicstory/tr3ndingstories/music_engagement_posts_200/0046-quote.jpg","Instagram music engagement post asking: Which artist has the most iconic songs?"
"🏆 What's the best song you've heard this week? Tell us your pick and defend your choice in the comments!
#MusicLovers #NowPlaying #MusicDebate #SongOfTheDay #MusicCommunity - @tr3ndingstories","https://hashidosperb.github.io/imgdump/musicstory/tr3ndingstories/music_engagement_posts_200/0047-quote.jpg","Instagram music engagement post asking: What's the best song you've heard this week?"
"🎧 Which 80s song belongs on every playlist? Drop your answer below and join the music conversation!
#MusicLovers #ThrowbackMusic #Nostalgia #RetroMusic #MusicCommunity - @tr3ndingstories","https://hashidosperb.github.io/imgdump/musicstory/tr3ndingstories/music_engagement_posts_200/0048-quote.jpg","Instagram music engagement post asking: Which 80s song belongs on every playlist?"
"🏆 Who is your favorite artist right now? Tell us your pick and defend your choice in the comments!
#MusicLovers #NowPlaying #MusicDebate #SongOfTheDay #MusicCommunity - @tr3ndingstories","https://hashidosperb.github.io/imgdump/musicstory/tr3ndingstories/music_engagement_posts_200/0049-quote.jpg","Instagram music engagement post asking: Who is your favorite artist right now?"
"🎧 What's a song you could listen to forever? Drop your answer below and join the music conversation!
#MusicLovers #NowPlaying #MusicDebate #SongOfTheDay #MusicCommunity - @tr3ndingstories","https://hashidosperb.github.io/imgdump/musicstory/tr3ndingstories/music_engagement_posts_200/0050-quote.jpg","Instagram music engagement post asking: What's a song you could listen to forever?"
"🔥 90s vs 2000s — pick your era. Pick your side and tag a friend who would choose differently!
#MusicLovers #ThrowbackMusic #Nostalgia #RetroMusic #MusicCommunity - @tr3ndingstories","https://hashidosperb.github.io/imgdump/musicstory/tr3ndingstories/music_engagement_posts_200/0051-quote.jpg","Instagram music engagement post asking: 90s vs 2000s — pick your era."
"🎧 Which song reminds you of someone special? Drop your answer below and join the music conversation!
#MusicLovers #NowPlaying #MusicDebate #SongOfTheDay #MusicCommunity - @tr3ndingstories","https://hashidosperb.github.io/imgdump/musicstory/tr3ndingstories/music_engagement_posts_200/0052-quote.jpg","Instagram music engagement post asking: Which song reminds you of someone special?"
"🏆 What's the best album you've ever heard? Tell us your pick and defend your choice in the comments!
#MusicLovers #MusicAlbums #AlbumTalk #MusicDebate #MusicCommunity - @tr3ndingstories","https://hashidosperb.github.io/imgdump/musicstory/tr3ndingstories/music_engagement_posts_200/0053-quote.jpg","Instagram music engagement post asking: What's the best album you've ever heard?"
"🎧 Which new artist has the most potential? Drop your answer below and join the music conversation!
#MusicLovers #NewMusic #NewGenMusic #NowPlaying #MusicCommunity - @tr3ndingstories","https://hashidosperb.github.io/imgdump/musicstory/tr3ndingstories/music_engagement_posts_200/0054-quote.jpg","Instagram music engagement post asking: Which new artist has the most potential?"
"🎵 What's your favorite vintage album? Share your answer and discover what other music lovers are choosing!
#MusicLovers #ThrowbackMusic #Nostalgia #RetroMusic #MusicCommunity - @tr3ndingstories","https://hashidosperb.github.io/imgdump/musicstory/tr3ndingstories/music_engagement_posts_200/0055-quote.jpg","Instagram music engagement post asking: What's your favorite vintage album?"
"🏆 Who has the best songwriting skills? Tell us your pick and defend your choice in the comments!
#MusicLovers #NowPlaying #MusicDebate #SongOfTheDay #MusicCommunity - @tr3ndingstories","https://hashidosperb.github.io/imgdump/musicstory/tr3ndingstories/music_engagement_posts_200/0056-quote.jpg","Instagram music engagement post asking: Who has the best songwriting skills?"
"🎧 Which song deserves a comeback? Drop your answer below and join the music conversation!
#MusicLovers #NowPlaying #MusicDebate #SongOfTheDay #MusicCommunity - @tr3ndingstories","https://hashidosperb.github.io/imgdump/musicstory/tr3ndingstories/music_engagement_posts_200/0057-quote.jpg","Instagram music engagement post asking: Which song deserves a comeback?"
"🎵 What's your favorite summer song of 2026? Share your answer and discover what other music lovers are choosing!
#MusicLovers #NewMusic #NewGenMusic #NowPlaying #MusicCommunity - @tr3ndingstories","https://hashidosperb.github.io/imgdump/musicstory/tr3ndingstories/music_engagement_posts_200/0058-quote.jpg","Instagram music engagement post asking: What's your favorite summer song of 2026?"
"🎧 Which classic artist would you love to see live? Drop your answer below and join the music conversation!
#MusicLovers #ThrowbackMusic #Nostalgia #RetroMusic #MusicCommunity - @tr3ndingstories","https://hashidosperb.github.io/imgdump/musicstory/tr3ndingstories/music_engagement_posts_200/0059-quote.jpg","Instagram music engagement post asking: Which classic artist would you love to see live?"
"🎧 What's your most-played song this month? Drop your answer below and join the music conversation!
#MusicLovers #NowPlaying #MusicDebate #SongOfTheDay #MusicCommunity - @tr3ndingstories","https://hashidosperb.github.io/imgdump/musicstory/tr3ndingstories/music_engagement_posts_200/0060-quote.jpg","Instagram music engagement post asking: What's your most-played song this month?"
"🏆 Best 80s love song? Tell us your pick and defend your choice in the comments!
#MusicLovers #ThrowbackMusic #Nostalgia #RetroMusic #MusicCommunity - @tr3ndingstories","https://hashidosperb.github.io/imgdump/musicstory/tr3ndingstories/music_engagement_posts_200/0061-quote.jpg","Instagram music engagement post asking: Best 80s love song?"
"🏆 Which artist is your biggest musical obsession? Tell us your pick and defend your choice in the comments!
#MusicLovers #NowPlaying #MusicDebate #SongOfTheDay #MusicCommunity - @tr3ndingstories","https://hashidosperb.github.io/imgdump/musicstory/tr3ndingstories/music_engagement_posts_200/0062-quote.jpg","Instagram music engagement post asking: Which artist is your biggest musical obsession?"
"🎧 What's the most overrated song right now? Drop your answer below and join the music conversation!
#MusicLovers #NowPlaying #MusicDebate #SongOfTheDay #MusicCommunity - @tr3ndingstories","https://hashidosperb.github.io/imgdump/musicstory/tr3ndingstories/music_engagement_posts_200/0063-quote.jpg","Instagram music engagement post asking: What's the most overrated song right now?"
"🎧 Which song feels like a time machine? Drop your answer below and join the music conversation!
#MusicLovers #NowPlaying #MusicDebate #SongOfTheDay #MusicCommunity - @tr3ndingstories","https://hashidosperb.github.io/imgdump/musicstory/tr3ndingstories/music_engagement_posts_200/0064-quote.jpg","Instagram music engagement post asking: Which song feels like a time machine?"
"🏆 Who is the best rapper right now? Tell us your pick and defend your choice in the comments!
#MusicLovers #RapMusic #HipHop #MusicDebate #MusicCommunity - @tr3ndingstories","https://hashidosperb.github.io/imgdump/musicstory/tr3ndingstories/music_engagement_posts_200/0065-quote.jpg","Instagram music engagement post asking: Who is the best rapper right now?"
"🎵 What's your favorite song from your parents' era? Share your answer and discover what other music lovers are choosing!
#MusicLovers #ThrowbackMusic #Nostalgia #RetroMusic #MusicCommunity - @tr3ndingstories","https://hashidosperb.github.io/imgdump/musicstory/tr3ndingstories/music_engagement_posts_200/0066-quote.jpg","Instagram music engagement post asking: What's your favorite song from your parents' era?"
"🏆 Which new-gen artist has the BEST aesthetic? Tell us your pick and defend your choice in the comments!
#MusicLovers #NewMusic #NewGenMusic #NowPlaying #MusicCommunity - @tr3ndingstories","https://hashidosperb.github.io/imgdump/musicstory/tr3ndingstories/music_engagement_posts_200/0067-quote.jpg","Instagram music engagement post asking: Which new-gen artist has the BEST aesthetic?"
"🎵 What's your favorite heartbreak song? Share your answer and discover what other music lovers are choosing!
#MusicLovers #NowPlaying #MusicDebate #SongOfTheDay #MusicCommunity - @tr3ndingstories","https://hashidosperb.github.io/imgdump/musicstory/tr3ndingstories/music_engagement_posts_200/0068-quote.jpg","Instagram music engagement post asking: What's your favorite heartbreak song?"
"🏆 Which decade had the best pop singers? Tell us your pick and defend your choice in the comments!
#MusicLovers #ThrowbackMusic #Nostalgia #RetroMusic #MusicCommunity - @tr3ndingstories","https://hashidosperb.github.io/imgdump/musicstory/tr3ndingstories/music_engagement_posts_200/0069-quote.jpg","Instagram music engagement post asking: Which decade had the best pop singers?"
"🎧 Name a song older than you that you love. Drop your answer below and join the music conversation!
#MusicLovers #ThrowbackMusic #Nostalgia #RetroMusic #MusicCommunity - @tr3ndingstories","https://hashidosperb.github.io/imgdump/musicstory/tr3ndingstories/music_engagement_posts_200/0070-quote.jpg","Instagram music engagement post asking: Name a song older than you that you love."
"🏆 What's the best music video you've seen recently? Tell us your pick and defend your choice in the comments!
#MusicLovers #NowPlaying #MusicDebate #SongOfTheDay #MusicCommunity - @tr3ndingstories","https://hashidosperb.github.io/imgdump/musicstory/tr3ndingstories/music_engagement_posts_200/0071-quote.jpg","Instagram music engagement post asking: What's the best music video you've seen recently?"
"🎧 Which 90s artist deserves more recognition? Drop your answer below and join the music conversation!
#MusicLovers #ThrowbackMusic #Nostalgia #RetroMusic #MusicCommunity - @tr3ndingstories","https://hashidosperb.github.io/imgdump/musicstory/tr3ndingstories/music_engagement_posts_200/0072-quote.jpg","Instagram music engagement post asking: Which 90s artist deserves more recognition?"
"🎵 What's your favorite song to play at night? Share your answer and discover what other music lovers are choosing!
#MusicLovers #NowPlaying #MusicDebate #SongOfTheDay #MusicCommunity - @tr3ndingstories","https://hashidosperb.github.io/imgdump/musicstory/tr3ndingstories/music_engagement_posts_200/0073-quote.jpg","Instagram music engagement post asking: What's your favorite song to play at night?"
"🏆 Who is the best songwriter of this generation? Tell us your pick and defend your choice in the comments!
#MusicLovers #NowPlaying #MusicDebate #SongOfTheDay #MusicCommunity - @tr3ndingstories","https://hashidosperb.github.io/imgdump/musicstory/tr3ndingstories/music_engagement_posts_200/0074-quote.jpg","Instagram music engagement post asking: Who is the best songwriter of this generation?"
"🎧 Which old song deserves to go viral again? Drop your answer below and join the music conversation!
#MusicLovers #ThrowbackMusic #Nostalgia #RetroMusic #MusicCommunity - @tr3ndingstories","https://hashidosperb.github.io/imgdump/musicstory/tr3ndingstories/music_engagement_posts_200/0075-quote.jpg","Instagram music engagement post asking: Which old song deserves to go viral again?"
"🎵 What's your favorite concert song? Share your answer and discover what other music lovers are choosing!
#MusicLovers #NowPlaying #MusicDebate #SongOfTheDay #MusicCommunity - @tr3ndingstories","https://hashidosperb.github.io/imgdump/musicstory/tr3ndingstories/music_engagement_posts_200/0076-quote.jpg","Instagram music engagement post asking: What's your favorite concert song?"
"🏆 Which artist has zero skips? Tell us your pick and defend your choice in the comments!
#MusicLovers #NowPlaying #MusicDebate #SongOfTheDay #MusicCommunity - @tr3ndingstories","https://hashidosperb.github.io/imgdump/musicstory/tr3ndingstories/music_engagement_posts_200/0077-quote.jpg","Instagram music engagement post asking: Which artist has zero skips?"
"🏆 Best 2000s love song? Tell us your pick and defend your choice in the comments!
#MusicLovers #ThrowbackMusic #Nostalgia #RetroMusic #MusicCommunity - @tr3ndingstories","https://hashidosperb.github.io/imgdump/musicstory/tr3ndingstories/music_engagement_posts_200/0078-quote.jpg","Instagram music engagement post asking: Best 2000s love song?"
"🎧 What's one song you wish you could hear again for the first time? Drop your answer below and join the music conversation!
#MusicLovers #NowPlaying #MusicDebate #SongOfTheDay #MusicCommunity - @tr3ndingstories","https://hashidosperb.github.io/imgdump/musicstory/tr3ndingstories/music_engagement_posts_200/0079-quote.jpg","Instagram music engagement post asking: What's one song you wish you could hear again for the first time?"
"🏆 Who is your favorite female artist right now? Tell us your pick and defend your choice in the comments!
#MusicLovers #NowPlaying #MusicDebate #SongOfTheDay #MusicCommunity - @tr3ndingstories","https://hashidosperb.github.io/imgdump/musicstory/tr3ndingstories/music_engagement_posts_200/0080-quote.jpg","Instagram music engagement post asking: Who is your favorite female artist right now?"
"🎧 Which song defines your personality? Drop your answer below and join the music conversation!
#MusicLovers #NowPlaying #MusicDebate #SongOfTheDay #MusicCommunity - @tr3ndingstories","https://hashidosperb.github.io/imgdump/musicstory/tr3ndingstories/music_engagement_posts_200/0081-quote.jpg","Instagram music engagement post asking: Which song defines your personality?"
"🎧 What's the most underrated album ever? Drop your answer below and join the music conversation!
#MusicLovers #MusicAlbums #AlbumTalk #MusicDebate #MusicCommunity - @tr3ndingstories","https://hashidosperb.github.io/imgdump/musicstory/tr3ndingstories/music_engagement_posts_200/0082-quote.jpg","Instagram music engagement post asking: What's the most underrated album ever?"
"🏆 Best vintage singer? Tell us your pick and defend your choice in the comments!
#MusicLovers #ThrowbackMusic #Nostalgia #RetroMusic #MusicCommunity - @tr3ndingstories","https://hashidosperb.github.io/imgdump/musicstory/tr3ndingstories/music_engagement_posts_200/0083-quote.jpg","Instagram music engagement post asking: Best vintage singer?"
"🎧 Which new song will people still remember in 10 years? Drop your answer below and join the music conversation!
#MusicLovers #NewMusic #NewGenMusic #NowPlaying #MusicCommunity - @tr3ndingstories","https://hashidosperb.github.io/imgdump/musicstory/tr3ndingstories/music_engagement_posts_200/0084-quote.jpg","Instagram music engagement post asking: Which new song will people still remember in 10 years?"
"🎵 What's your favorite rainy-day song? Share your answer and discover what other music lovers are choosing!
#MusicLovers #NowPlaying #MusicDebate #SongOfTheDay #MusicCommunity - @tr3ndingstories","https://hashidosperb.github.io/imgdump/musicstory/tr3ndingstories/music_engagement_posts_200/0085-quote.jpg","Instagram music engagement post asking: What's your favorite rainy-day song?"
"🏆 Which artist has the BEST fanbase? Tell us your pick and defend your choice in the comments!
#MusicLovers #NowPlaying #MusicDebate #SongOfTheDay #MusicCommunity - @tr3ndingstories","https://hashidosperb.github.io/imgdump/musicstory/tr3ndingstories/music_engagement_posts_200/0086-quote.jpg","Instagram music engagement post asking: Which artist has the BEST fanbase?"
"🎵 What's your favorite one-hit wonder? Share your answer and discover what other music lovers are choosing!
#MusicLovers #NowPlaying #MusicDebate #SongOfTheDay #MusicCommunity - @tr3ndingstories","https://hashidosperb.github.io/imgdump/musicstory/tr3ndingstories/music_engagement_posts_200/0087-quote.jpg","Instagram music engagement post asking: What's your favorite one-hit wonder?"
"🏆 Who is the biggest music icon of all time? Tell us your pick and defend your choice in the comments!
#MusicLovers #NowPlaying #MusicDebate #SongOfTheDay #MusicCommunity - @tr3ndingstories","https://hashidosperb.github.io/imgdump/musicstory/tr3ndingstories/music_engagement_posts_200/0088-quote.jpg","Instagram music engagement post asking: Who is the biggest music icon of all time?"
"🏆 What's the best song to play on a road trip? Tell us your pick and defend your choice in the comments!
#MusicLovers #NowPlaying #MusicDebate #SongOfTheDay #MusicCommunity - @tr3ndingstories","https://hashidosperb.github.io/imgdump/musicstory/tr3ndingstories/music_engagement_posts_200/0089-quote.jpg","Instagram music engagement post asking: What's the best song to play on a road trip?"
"🎧 Which 80s song would you introduce to Gen Z? Drop your answer below and join the music conversation!
#MusicLovers #ThrowbackMusic #Nostalgia #RetroMusic #MusicCommunity - @tr3ndingstories","https://hashidosperb.github.io/imgdump/musicstory/tr3ndingstories/music_engagement_posts_200/0090-quote.jpg","Instagram music engagement post asking: Which 80s song would you introduce to Gen Z?"
"🎵 What's your favorite song released in the last 30 days? Share your answer and discover what other music lovers are choosing!
#MusicLovers #NowPlaying #MusicDebate #SongOfTheDay #MusicCommunity - @tr3ndingstories","https://hashidosperb.github.io/imgdump/musicstory/tr3ndingstories/music_engagement_posts_200/0091-quote.jpg","Instagram music engagement post asking: What's your favorite song released in the last 30 days?"
"🏆 Which artist has the best album covers? Tell us your pick and defend your choice in the comments!
#MusicLovers #MusicAlbums #AlbumTalk #MusicDebate #MusicCommunity - @tr3ndingstories","https://hashidosperb.github.io/imgdump/musicstory/tr3ndingstories/music_engagement_posts_200/0092-quote.jpg","Instagram music engagement post asking: Which artist has the best album covers?"
"🎵 What's your favorite 90s movie song? Share your answer and discover what other music lovers are choosing!
#MusicLovers #ThrowbackMusic #Nostalgia #RetroMusic #MusicCommunity - @tr3ndingstories","https://hashidosperb.github.io/imgdump/musicstory/tr3ndingstories/music_engagement_posts_200/0093-quote.jpg","Instagram music engagement post asking: What's your favorite 90s movie song?"
"🏆 Who is the most underrated artist right now? Tell us your pick and defend your choice in the comments!
#MusicLovers #NowPlaying #MusicDebate #SongOfTheDay #MusicCommunity - @tr3ndingstories","https://hashidosperb.github.io/imgdump/musicstory/tr3ndingstories/music_engagement_posts_200/0094-quote.jpg","Instagram music engagement post asking: Who is the most underrated artist right now?"
"🎧 Which song gives you instant nostalgia? Drop your answer below and join the music conversation!
#MusicLovers #ThrowbackMusic #Nostalgia #RetroMusic #MusicCommunity - @tr3ndingstories","https://hashidosperb.github.io/imgdump/musicstory/tr3ndingstories/music_engagement_posts_200/0095-quote.jpg","Instagram music engagement post asking: Which song gives you instant nostalgia?"
"🏆 Best debut album ever? Tell us your pick and defend your choice in the comments!
#MusicLovers #MusicAlbums #AlbumTalk #MusicDebate #MusicCommunity - @tr3ndingstories","https://hashidosperb.github.io/imgdump/musicstory/tr3ndingstories/music_engagement_posts_200/0096-quote.jpg","Instagram music engagement post asking: Best debut album ever?"
"🏆 Which artist would you choose for a private concert? Tell us your pick and defend your choice in the comments!
#MusicLovers #NowPlaying #MusicDebate #SongOfTheDay #MusicCommunity - @tr3ndingstories","https://hashidosperb.github.io/imgdump/musicstory/tr3ndingstories/music_engagement_posts_200/0097-quote.jpg","Instagram music engagement post asking: Which artist would you choose for a private concert?"
"🎵 What's your favorite old-school song? Share your answer and discover what other music lovers are choosing!
#MusicLovers #ThrowbackMusic #Nostalgia #RetroMusic #MusicCommunity - @tr3ndingstories","https://hashidosperb.github.io/imgdump/musicstory/tr3ndingstories/music_engagement_posts_200/0098-quote.jpg","Instagram music engagement post asking: What's your favorite old-school song?"
"🎧 Which new-gen artist will become a legend? Drop your answer below and join the music conversation!
#MusicLovers #NewMusic #NewGenMusic #NowPlaying #MusicCommunity - @tr3ndingstories","https://hashidosperb.github.io/imgdump/musicstory/tr3ndingstories/music_engagement_posts_200/0099-quote.jpg","Instagram music engagement post asking: Which new-gen artist will become a legend?"
"🎧 What's the first song you played today? Drop your answer below and join the music conversation!
#MusicLovers #NowPlaying #MusicDebate #SongOfTheDay #MusicCommunity - @tr3ndingstories","https://hashidosperb.github.io/imgdump/musicstory/tr3ndingstories/music_engagement_posts_200/0100-quote.jpg","Instagram music engagement post asking: What's the first song you played today?"
"🏆 Best song of the 80s? Tell us your pick and defend your choice in the comments!
#MusicLovers #ThrowbackMusic #Nostalgia #RetroMusic #MusicCommunity - @tr3ndingstories","https://hashidosperb.github.io/imgdump/musicstory/tr3ndingstories/music_engagement_posts_200/0101-quote.jpg","Instagram music engagement post asking: Best song of the 80s?"
"🎵 What's your favorite music genre right now? Share your answer and discover what other music lovers are choosing!
#MusicLovers #NowPlaying #MusicDebate #SongOfTheDay #MusicCommunity - @tr3ndingstories","https://hashidosperb.github.io/imgdump/musicstory/tr3ndingstories/music_engagement_posts_200/0102-quote.jpg","Instagram music engagement post asking: What's your favorite music genre right now?"
"🏆 Which artist has the best collaborations? Tell us your pick and defend your choice in the comments!
#MusicLovers #NowPlaying #MusicDebate #SongOfTheDay #MusicCommunity - @tr3ndingstories","https://hashidosperb.github.io/imgdump/musicstory/tr3ndingstories/music_engagement_posts_200/0103-quote.jpg","Instagram music engagement post asking: Which artist has the best collaborations?"
"🎧 What's one song you will NEVER skip? Drop your answer below and join the music conversation!
#MusicLovers #NowPlaying #MusicDebate #SongOfTheDay #MusicCommunity - @tr3ndingstories","https://hashidosperb.github.io/imgdump/musicstory/tr3ndingstories/music_engagement_posts_200/0104-quote.jpg","Instagram music engagement post asking: What's one song you will NEVER skip?"
"🎧 Which 2000s song takes you straight back? Drop your answer below and join the music conversation!
#MusicLovers #ThrowbackMusic #Nostalgia #RetroMusic #MusicCommunity - @tr3ndingstories","https://hashidosperb.github.io/imgdump/musicstory/tr3ndingstories/music_engagement_posts_200/0105-quote.jpg","Instagram music engagement post asking: Which 2000s song takes you straight back?"
"🏆 Who is the best pop singer of this generation? Tell us your pick and defend your choice in the comments!
#MusicLovers #PopMusic #PopFans #MusicDebate #MusicCommunity - @tr3ndingstories","https://hashidosperb.github.io/imgdump/musicstory/tr3ndingstories/music_engagement_posts_200/0106-quote.jpg","Instagram music engagement post asking: Who is the best pop singer of this generation?"
"🎵 What's your favorite song for a late-night drive? Share your answer and discover what other music lovers are choosing!
#MusicLovers #NowPlaying #MusicDebate #SongOfTheDay #MusicCommunity - @tr3ndingstories","https://hashidosperb.github.io/imgdump/musicstory/tr3ndingstories/music_engagement_posts_200/0107-quote.jpg","Instagram music engagement post asking: What's your favorite song for a late-night drive?"
"🎧 Which classic song deserves a modern remake? Drop your answer below and join the music conversation!
#MusicLovers #ThrowbackMusic #Nostalgia #RetroMusic #MusicCommunity - @tr3ndingstories","https://hashidosperb.github.io/imgdump/musicstory/tr3ndingstories/music_engagement_posts_200/0108-quote.jpg","Instagram music engagement post asking: Which classic song deserves a modern remake?"
"🎵 What's your favorite album this year so far? Share your answer and discover what other music lovers are choosing!
#MusicLovers #MusicAlbums #AlbumTalk #MusicDebate #MusicCommunity - @tr3ndingstories","https://hashidosperb.github.io/imgdump/musicstory/tr3ndingstories/music_engagement_posts_200/0109-quote.jpg","Instagram music engagement post asking: What's your favorite album this year so far?"
"🏆 Which artist changed music forever? Tell us your pick and defend your choice in the comments!
#MusicLovers #NowPlaying #MusicDebate #SongOfTheDay #MusicCommunity - @tr3ndingstories","https://hashidosperb.github.io/imgdump/musicstory/tr3ndingstories/music_engagement_posts_200/0110-quote.jpg","Instagram music engagement post asking: Which artist changed music forever?"
"🎵 What's your favorite song to sing along to? Share your answer and discover what other music lovers are choosing!
#MusicLovers #NowPlaying #MusicDebate #SongOfTheDay #MusicCommunity - @tr3ndingstories","https://hashidosperb.github.io/imgdump/musicstory/tr3ndingstories/music_engagement_posts_200/0111-quote.jpg","Instagram music engagement post asking: What's your favorite song to sing along to?"
"🔥 80s, 90s, or 2000s — choose one. Pick your side and tag a friend who would choose differently!
#MusicLovers #ThrowbackMusic #Nostalgia #RetroMusic #MusicCommunity - @tr3ndingstories","https://hashidosperb.github.io/imgdump/musicstory/tr3ndingstories/music_engagement_posts_200/0112-quote.jpg","Instagram music engagement post asking: 80s, 90s, or 2000s — choose one."
"🏆 Which song has the BEST lyrics? Tell us your pick and defend your choice in the comments!
#MusicLovers #NowPlaying #MusicDebate #SongOfTheDay #MusicCommunity - @tr3ndingstories","https://hashidosperb.github.io/imgdump/musicstory/tr3ndingstories/music_engagement_posts_200/0113-quote.jpg","Instagram music engagement post asking: Which song has the BEST lyrics?"
"🏆 Who is your favorite new-gen pop star? Tell us your pick and defend your choice in the comments!
#MusicLovers #NewMusic #NewGenMusic #NowPlaying #MusicCommunity - @tr3ndingstories","https://hashidosperb.github.io/imgdump/musicstory/tr3ndingstories/music_engagement_posts_200/0114-quote.jpg","Instagram music engagement post asking: Who is your favorite new-gen pop star?"
"🎵 What's your favorite feel-good song? Share your answer and discover what other music lovers are choosing!
#MusicLovers #NowPlaying #MusicDebate #SongOfTheDay #MusicCommunity - @tr3ndingstories","https://hashidosperb.github.io/imgdump/musicstory/tr3ndingstories/music_engagement_posts_200/0115-quote.jpg","Instagram music engagement post asking: What's your favorite feel-good song?"
"🎧 Which vintage song feels timeless? Drop your answer below and join the music conversation!
#MusicLovers #ThrowbackMusic #Nostalgia #RetroMusic #MusicCommunity - @tr3ndingstories","https://hashidosperb.github.io/imgdump/musicstory/tr3ndingstories/music_engagement_posts_200/0116-quote.jpg","Instagram music engagement post asking: Which vintage song feels timeless?"
"🎧 What's a popular song you secretly dislike? Drop your answer below and join the music conversation!
#MusicLovers #PopMusic #PopFans #MusicDebate #MusicCommunity - @tr3ndingstories","https://hashidosperb.github.io/imgdump/musicstory/tr3ndingstories/music_engagement_posts_200/0117-quote.jpg","Instagram music engagement post asking: What's a popular song you secretly dislike?"
"🏆 Which artist would you bring back for one concert? Tell us your pick and defend your choice in the comments!
#MusicLovers #NowPlaying #MusicDebate #SongOfTheDay #MusicCommunity - @tr3ndingstories","https://hashidosperb.github.io/imgdump/musicstory/tr3ndingstories/music_engagement_posts_200/0118-quote.jpg","Instagram music engagement post asking: Which artist would you bring back for one concert?"
"🎵 What's your favorite song from your teenage years? Share your answer and discover what other music lovers are choosing!
#MusicLovers #NowPlaying #MusicDebate #SongOfTheDay #MusicCommunity - @tr3ndingstories","https://hashidosperb.github.io/imgdump/musicstory/tr3ndingstories/music_engagement_posts_200/0119-quote.jpg","Instagram music engagement post asking: What's your favorite song from your teenage years?"
"🏆 Best album of the 90s? Tell us your pick and defend your choice in the comments!
#MusicLovers #ThrowbackMusic #Nostalgia #RetroMusic #MusicCommunity - @tr3ndingstories","https://hashidosperb.github.io/imgdump/musicstory/tr3ndingstories/music_engagement_posts_200/0120-quote.jpg","Instagram music engagement post asking: Best album of the 90s?"
"🎧 Which song has been stuck in your head lately? Drop your answer below and join the music conversation!
#MusicLovers #NowPlaying #MusicDebate #SongOfTheDay #MusicCommunity - @tr3ndingstories","https://hashidosperb.github.io/imgdump/musicstory/tr3ndingstories/music_engagement_posts_200/0121-quote.jpg","Instagram music engagement post asking: Which song has been stuck in your head lately?"
"🎧 Who has the most recognizable voice? Drop your answer below and join the music conversation!
#MusicLovers #NowPlaying #MusicDebate #SongOfTheDay #MusicCommunity - @tr3ndingstories","https://hashidosperb.github.io/imgdump/musicstory/tr3ndingstories/music_engagement_posts_200/0122-quote.jpg","Instagram music engagement post asking: Who has the most recognizable voice?"
"🏆 What's the best song you've discovered this year? Tell us your pick and defend your choice in the comments!
#MusicLovers #NowPlaying #MusicDebate #SongOfTheDay #MusicCommunity - @tr3ndingstories","https://hashidosperb.github.io/imgdump/musicstory/tr3ndingstories/music_engagement_posts_200/0123-quote.jpg","Instagram music engagement post asking: What's the best song you've discovered this year?"
"🎧 Which 2000s artist deserves a comeback? Drop your answer below and join the music conversation!
#MusicLovers #ThrowbackMusic #Nostalgia #RetroMusic #MusicCommunity - @tr3ndingstories","https://hashidosperb.github.io/imgdump/musicstory/tr3ndingstories/music_engagement_posts_200/0124-quote.jpg","Instagram music engagement post asking: Which 2000s artist deserves a comeback?"
"🎵 What's your favorite music memory? Share your answer and discover what other music lovers are choosing!
#MusicLovers #NowPlaying #MusicDebate #SongOfTheDay #MusicCommunity - @tr3ndingstories","https://hashidosperb.github.io/imgdump/musicstory/tr3ndingstories/music_engagement_posts_200/0125-quote.jpg","Instagram music engagement post asking: What's your favorite music memory?"
"🏆 Which artist has the best discography of the 2020s? Tell us your pick and defend your choice in the comments!
#MusicLovers #NewMusic #NewGenMusic #NowPlaying #MusicCommunity - @tr3ndingstories","https://hashidosperb.github.io/imgdump/musicstory/tr3ndingstories/music_engagement_posts_200/0126-quote.jpg","Instagram music engagement post asking: Which artist has the best discography of the 2020s?"
"🏆 What's the best song for a sunset? Tell us your pick and defend your choice in the comments!
#MusicLovers #NowPlaying #MusicDebate #SongOfTheDay #MusicCommunity - @tr3ndingstories","https://hashidosperb.github.io/imgdump/musicstory/tr3ndingstories/music_engagement_posts_200/0127-quote.jpg","Instagram music engagement post asking: What's the best song for a sunset?"
"🎧 Which old song reminds you of home? Drop your answer below and join the music conversation!
#MusicLovers #ThrowbackMusic #Nostalgia #RetroMusic #MusicCommunity - @tr3ndingstories","https://hashidosperb.github.io/imgdump/musicstory/tr3ndingstories/music_engagement_posts_200/0128-quote.jpg","Instagram music engagement post asking: Which old song reminds you of home?"
"🏆 Who is your favorite male artist right now? Tell us your pick and defend your choice in the comments!
#MusicLovers #NowPlaying #MusicDebate #SongOfTheDay #MusicCommunity - @tr3ndingstories","https://hashidosperb.github.io/imgdump/musicstory/tr3ndingstories/music_engagement_posts_200/0129-quote.jpg","Instagram music engagement post asking: Who is your favorite male artist right now?"
"🎵 What's your favorite song with a powerful chorus? Share your answer and discover what other music lovers are choosing!
#MusicLovers #NowPlaying #MusicDebate #SongOfTheDay #MusicCommunity - @tr3ndingstories","https://hashidosperb.github.io/imgdump/musicstory/tr3ndingstories/music_engagement_posts_200/0130-quote.jpg","Instagram music engagement post asking: What's your favorite song with a powerful chorus?"
"🏆 Which decade had the best love songs? Tell us your pick and defend your choice in the comments!
#MusicLovers #ThrowbackMusic #Nostalgia #RetroMusic #MusicCommunity - @tr3ndingstories","https://hashidosperb.github.io/imgdump/musicstory/tr3ndingstories/music_engagement_posts_200/0131-quote.jpg","Instagram music engagement post asking: Which decade had the best love songs?"
"🎵 What's your favorite underrated artist? Share your answer and discover what other music lovers are choosing!
#MusicLovers #NowPlaying #MusicDebate #SongOfTheDay #MusicCommunity - @tr3ndingstories","https://hashidosperb.github.io/imgdump/musicstory/tr3ndingstories/music_engagement_posts_200/0132-quote.jpg","Instagram music engagement post asking: What's your favorite underrated artist?"
"🎧 Which song makes you want to dance immediately? Drop your answer below and join the music conversation!
#MusicLovers #NowPlaying #MusicDebate #SongOfTheDay #MusicCommunity - @tr3ndingstories","https://hashidosperb.github.io/imgdump/musicstory/tr3ndingstories/music_engagement_posts_200/0133-quote.jpg","Instagram music engagement post asking: Which song makes you want to dance immediately?"
"🏆 Best 2000s pop song? Tell us your pick and defend your choice in the comments!
#MusicLovers #ThrowbackMusic #Nostalgia #RetroMusic #MusicCommunity - @tr3ndingstories","https://hashidosperb.github.io/imgdump/musicstory/tr3ndingstories/music_engagement_posts_200/0134-quote.jpg","Instagram music engagement post asking: Best 2000s pop song?"
"🎧 What's the most beautiful song you've ever heard? Drop your answer below and join the music conversation!
#MusicLovers #NowPlaying #MusicDebate #SongOfTheDay #MusicCommunity - @tr3ndingstories","https://hashidosperb.github.io/imgdump/musicstory/tr3ndingstories/music_engagement_posts_200/0135-quote.jpg","Instagram music engagement post asking: What's the most beautiful song you've ever heard?"
"🎧 Which new-gen artist has the strongest fanbase? Drop your answer below and join the music conversation!
#MusicLovers #NewMusic #NewGenMusic #NowPlaying #MusicCommunity - @tr3ndingstories","https://hashidosperb.github.io/imgdump/musicstory/tr3ndingstories/music_engagement_posts_200/0136-quote.jpg","Instagram music engagement post asking: Which new-gen artist has the strongest fanbase?"
"🎵 What's your favorite song to listen to when you're alone? Share your answer and discover what other music lovers are choosing!
#MusicLovers #NowPlaying #MusicDebate #SongOfTheDay #MusicCommunity - @tr3ndingstories","https://hashidosperb.github.io/imgdump/musicstory/tr3ndingstories/music_engagement_posts_200/0137-quote.jpg","Instagram music engagement post asking: What's your favorite song to listen to when you're alone?"
"🎧 Which 90s song should everyone know? Drop your answer below and join the music conversation!
#MusicLovers #ThrowbackMusic #Nostalgia #RetroMusic #MusicCommunity - @tr3ndingstories","https://hashidosperb.github.io/imgdump/musicstory/tr3ndingstories/music_engagement_posts_200/0138-quote.jpg","Instagram music engagement post asking: Which 90s song should everyone know?"
"🏆 Who is the greatest vocalist of all time? Tell us your pick and defend your choice in the comments!
#MusicLovers #NowPlaying #MusicDebate #SongOfTheDay #MusicCommunity - @tr3ndingstories","https://hashidosperb.github.io/imgdump/musicstory/tr3ndingstories/music_engagement_posts_200/0139-quote.jpg","Instagram music engagement post asking: Who is the greatest vocalist of all time?"
"🎧 What's your current comfort song? Drop your answer below and join the music conversation!
#MusicLovers #NowPlaying #MusicDebate #SongOfTheDay #MusicCommunity - @tr3ndingstories","https://hashidosperb.github.io/imgdump/musicstory/tr3ndingstories/music_engagement_posts_200/0140-quote.jpg","Instagram music engagement post asking: What's your current comfort song?"
"🏆 Which artist has the BEST opening track? Tell us your pick and defend your choice in the comments!
#MusicLovers #NowPlaying #MusicDebate #SongOfTheDay #MusicCommunity - @tr3ndingstories","https://hashidosperb.github.io/imgdump/musicstory/tr3ndingstories/music_engagement_posts_200/0141-quote.jpg","Instagram music engagement post asking: Which artist has the BEST opening track?"
"🎵 What's your favorite vintage love song? Share your answer and discover what other music lovers are choosing!
#MusicLovers #ThrowbackMusic #Nostalgia #RetroMusic #MusicCommunity - @tr3ndingstories","https://hashidosperb.github.io/imgdump/musicstory/tr3ndingstories/music_engagement_posts_200/0142-quote.jpg","Instagram music engagement post asking: What's your favorite vintage love song?"
"🎧 Which song would you play at your wedding? Drop your answer below and join the music conversation!
#MusicLovers #NowPlaying #MusicDebate #SongOfTheDay #MusicCommunity - @tr3ndingstories","https://hashidosperb.github.io/imgdump/musicstory/tr3ndingstories/music_engagement_posts_200/0143-quote.jpg","Instagram music engagement post asking: Which song would you play at your wedding?"
"🏆 Who is the artist of the year so far? Tell us your pick and defend your choice in the comments!
#MusicLovers #NowPlaying #MusicDebate #SongOfTheDay #MusicCommunity - @tr3ndingstories","https://hashidosperb.github.io/imgdump/musicstory/tr3ndingstories/music_engagement_posts_200/0144-quote.jpg","Instagram music engagement post asking: Who is the artist of the year so far?"
"🎵 What's your favorite song from 2010–2020? Share your answer and discover what other music lovers are choosing!
#MusicLovers #NowPlaying #MusicDebate #SongOfTheDay #MusicCommunity - @tr3ndingstories","https://hashidosperb.github.io/imgdump/musicstory/tr3ndingstories/music_engagement_posts_200/0145-quote.jpg","Instagram music engagement post asking: What's your favorite song from 2010–2020?"
"🎧 Which old-school artist influenced today's music the most? Drop your answer below and join the music conversation!
#MusicLovers #ThrowbackMusic #Nostalgia #RetroMusic #MusicCommunity - @tr3ndingstories","https://hashidosperb.github.io/imgdump/musicstory/tr3ndingstories/music_engagement_posts_200/0146-quote.jpg","Instagram music engagement post asking: Which old-school artist influenced today's music the most?"
"🏆 What's the best album released this year? Tell us your pick and defend your choice in the comments!
#MusicLovers #MusicAlbums #AlbumTalk #MusicDebate #MusicCommunity - @tr3ndingstories","https://hashidosperb.github.io/imgdump/musicstory/tr3ndingstories/music_engagement_posts_200/0147-quote.jpg","Instagram music engagement post asking: What's the best album released this year?"
"🎧 Which song gives you goosebumps? Drop your answer below and join the music conversation!
#MusicLovers #NowPlaying #MusicDebate #SongOfTheDay #MusicCommunity - @tr3ndingstories","https://hashidosperb.github.io/imgdump/musicstory/tr3ndingstories/music_engagement_posts_200/0148-quote.jpg","Instagram music engagement post asking: Which song gives you goosebumps?"
"🎵 What's your favorite new-gen collaboration? Share your answer and discover what other music lovers are choosing!
#MusicLovers #NewMusic #NewGenMusic #NowPlaying #MusicCommunity - @tr3ndingstories","https://hashidosperb.github.io/imgdump/musicstory/tr3ndingstories/music_engagement_posts_200/0149-quote.jpg","Instagram music engagement post asking: What's your favorite new-gen collaboration?"
"🏆 Which artist has the best lyrics? Tell us your pick and defend your choice in the comments!
#MusicLovers #NowPlaying #MusicDebate #SongOfTheDay #MusicCommunity - @tr3ndingstories","https://hashidosperb.github.io/imgdump/musicstory/tr3ndingstories/music_engagement_posts_200/0150-quote.jpg","Instagram music engagement post asking: Which artist has the best lyrics?"
"🎧 What's the first song you remember loving? Drop your answer below and join the music conversation!
#MusicLovers #NowPlaying #MusicDebate #SongOfTheDay #MusicCommunity - @tr3ndingstories","https://hashidosperb.github.io/imgdump/musicstory/tr3ndingstories/music_engagement_posts_200/0151-quote.jpg","Instagram music engagement post asking: What's the first song you remember loving?"
"🏆 Best song of the 90s? Tell us your pick and defend your choice in the comments!
#MusicLovers #ThrowbackMusic #Nostalgia #RetroMusic #MusicCommunity - @tr3ndingstories","https://hashidosperb.github.io/imgdump/musicstory/tr3ndingstories/music_engagement_posts_200/0152-quote.jpg","Instagram music engagement post asking: Best song of the 90s?"
"🏆 Which artist would you love to meet? Tell us your pick and defend your choice in the comments!
#MusicLovers #NowPlaying #MusicDebate #SongOfTheDay #MusicCommunity - @tr3ndingstories","https://hashidosperb.github.io/imgdump/musicstory/tr3ndingstories/music_engagement_posts_200/0153-quote.jpg","Instagram music engagement post asking: Which artist would you love to meet?"
"🎵 What's your favorite song for a rainy night? Share your answer and discover what other music lovers are choosing!
#MusicLovers #NowPlaying #MusicDebate #SongOfTheDay #MusicCommunity - @tr3ndingstories","https://hashidosperb.github.io/imgdump/musicstory/tr3ndingstories/music_engagement_posts_200/0154-quote.jpg","Instagram music engagement post asking: What's your favorite song for a rainy night?"
"🎧 Which old song instantly brings back memories? Drop your answer below and join the music conversation!
#MusicLovers #ThrowbackMusic #Nostalgia #RetroMusic #MusicCommunity - @tr3ndingstories","https://hashidosperb.github.io/imgdump/musicstory/tr3ndingstories/music_engagement_posts_200/0155-quote.jpg","Instagram music engagement post asking: Which old song instantly brings back memories?"
"🏆 Who is the best live performer? Tell us your pick and defend your choice in the comments!
#MusicLovers #NowPlaying #MusicDebate #SongOfTheDay #MusicCommunity - @tr3ndingstories","https://hashidosperb.github.io/imgdump/musicstory/tr3ndingstories/music_engagement_posts_200/0156-quote.jpg","Instagram music engagement post asking: Who is the best live performer?"
"🎵 What's your favorite song under 3 minutes? Share your answer and discover what other music lovers are choosing!
#MusicLovers #NowPlaying #MusicDebate #SongOfTheDay #MusicCommunity - @tr3ndingstories","https://hashidosperb.github.io/imgdump/musicstory/tr3ndingstories/music_engagement_posts_200/0157-quote.jpg","Instagram music engagement post asking: What's your favorite song under 3 minutes?"
"🎧 Which new-gen artist deserves a Grammy? Drop your answer below and join the music conversation!
#MusicLovers #NewMusic #NewGenMusic #NowPlaying #MusicCommunity - @tr3ndingstories","https://hashidosperb.github.io/imgdump/musicstory/tr3ndingstories/music_engagement_posts_200/0158-quote.jpg","Instagram music engagement post asking: Which new-gen artist deserves a Grammy?"
"🎧 What's the most iconic music era? Drop your answer below and join the music conversation!
#MusicLovers #NowPlaying #MusicDebate #SongOfTheDay #MusicCommunity - @tr3ndingstories","https://hashidosperb.github.io/imgdump/musicstory/tr3ndingstories/music_engagement_posts_200/0159-quote.jpg","Instagram music engagement post asking: What's the most iconic music era?"
"🎧 Which song would you save if your playlist had only one spot? Drop your answer below and join the music conversation!
#MusicLovers #NowPlaying #MusicDebate #SongOfTheDay #MusicCommunity - @tr3ndingstories","https://hashidosperb.github.io/imgdump/musicstory/tr3ndingstories/music_engagement_posts_200/0160-quote.jpg","Instagram music engagement post asking: Which song would you save if your playlist had only one spot?"
"🎵 What's your favorite 80s movie song? Share your answer and discover what other music lovers are choosing!
#MusicLovers #ThrowbackMusic #Nostalgia #RetroMusic #MusicCommunity - @tr3ndingstories","https://hashidosperb.github.io/imgdump/musicstory/tr3ndingstories/music_engagement_posts_200/0161-quote.jpg","Instagram music engagement post asking: What's your favorite 80s movie song?"
"🏆 Which artist has the best voice of the 2020s? Tell us your pick and defend your choice in the comments!
#MusicLovers #NewMusic #NewGenMusic #NowPlaying #MusicCommunity - @tr3ndingstories","https://hashidosperb.github.io/imgdump/musicstory/tr3ndingstories/music_engagement_posts_200/0162-quote.jpg","Instagram music engagement post asking: Which artist has the best voice of the 2020s?"
"🎵 What's your favorite song to play in the car? Share your answer and discover what other music lovers are choosing!
#MusicLovers #NowPlaying #MusicDebate #SongOfTheDay #MusicCommunity - @tr3ndingstories","https://hashidosperb.github.io/imgdump/musicstory/tr3ndingstories/music_engagement_posts_200/0163-quote.jpg","Instagram music engagement post asking: What's your favorite song to play in the car?"
"🏆 Who is the most influential pop artist? Tell us your pick and defend your choice in the comments!
#MusicLovers #PopMusic #PopFans #MusicDebate #MusicCommunity - @tr3ndingstories","https://hashidosperb.github.io/imgdump/musicstory/tr3ndingstories/music_engagement_posts_200/0164-quote.jpg","Instagram music engagement post asking: Who is the most influential pop artist?"
"🎧 What's an underrated song everyone should hear? Drop your answer below and join the music conversation!
#MusicLovers #NowPlaying #MusicDebate #SongOfTheDay #MusicCommunity - @tr3ndingstories","https://hashidosperb.github.io/imgdump/musicstory/tr3ndingstories/music_engagement_posts_200/0165-quote.jpg","Instagram music engagement post asking: What's an underrated song everyone should hear?"
"🔥 Which 90s artist would you choose for a comeback? Pick your side and tag a friend who would choose differently!
#MusicLovers #ThrowbackMusic #Nostalgia #RetroMusic #MusicCommunity - @tr3ndingstories","https://hashidosperb.github.io/imgdump/musicstory/tr3ndingstories/music_engagement_posts_200/0166-quote.jpg","Instagram music engagement post asking: Which 90s artist would you choose for a comeback?"
"🎵 What's your favorite song about friendship? Share your answer and discover what other music lovers are choosing!
#MusicLovers #NowPlaying #MusicDebate #SongOfTheDay #MusicCommunity - @tr3ndingstories","https://hashidosperb.github.io/imgdump/musicstory/tr3ndingstories/music_engagement_posts_200/0167-quote.jpg","Instagram music engagement post asking: What's your favorite song about friendship?"
"🏆 Which artist has the BEST album of all time? Tell us your pick and defend your choice in the comments!
#MusicLovers #MusicAlbums #AlbumTalk #MusicDebate #MusicCommunity - @tr3ndingstories","https://hashidosperb.github.io/imgdump/musicstory/tr3ndingstories/music_engagement_posts_200/0168-quote.jpg","Instagram music engagement post asking: Which artist has the BEST album of all time?"
"🎵 What's your favorite song for a summer road trip? Share your answer and discover what other music lovers are choosing!
#MusicLovers #NowPlaying #MusicDebate #SongOfTheDay #MusicCommunity - @tr3ndingstories","https://hashidosperb.github.io/imgdump/musicstory/tr3ndingstories/music_engagement_posts_200/0169-quote.jpg","Instagram music engagement post asking: What's your favorite song for a summer road trip?"
"🎧 Which new-gen song is already a classic? Drop your answer below and join the music conversation!
#MusicLovers #ThrowbackMusic #Nostalgia #RetroMusic #MusicCommunity - @tr3ndingstories","https://hashidosperb.github.io/imgdump/musicstory/tr3ndingstories/music_engagement_posts_200/0170-quote.jpg","Instagram music engagement post asking: Which new-gen song is already a classic?"
"🎵 What's your favorite old-school dance song? Share your answer and discover what other music lovers are choosing!
#MusicLovers #ThrowbackMusic #Nostalgia #RetroMusic #MusicCommunity - @tr3ndingstories","https://hashidosperb.github.io/imgdump/musicstory/tr3ndingstories/music_engagement_posts_200/0171-quote.jpg","Instagram music engagement post asking: What's your favorite old-school dance song?"
"🏆 Who is the best artist under 25 right now? Tell us your pick and defend your choice in the comments!
#MusicLovers #NewMusic #NewGenMusic #NowPlaying #MusicCommunity - @tr3ndingstories","https://hashidosperb.github.io/imgdump/musicstory/tr3ndingstories/music_engagement_posts_200/0172-quote.jpg","Instagram music engagement post asking: Who is the best artist under 25 right now?"
"🎧 What's one song that changed your life? Drop your answer below and join the music conversation!
#MusicLovers #NowPlaying #MusicDebate #SongOfTheDay #MusicCommunity - @tr3ndingstories","https://hashidosperb.github.io/imgdump/musicstory/tr3ndingstories/music_engagement_posts_200/0173-quote.jpg","Instagram music engagement post asking: What's one song that changed your life?"
"🏆 Which decade would you bring back? Tell us your pick and defend your choice in the comments!
#MusicLovers #ThrowbackMusic #Nostalgia #RetroMusic #MusicCommunity - @tr3ndingstories","https://hashidosperb.github.io/imgdump/musicstory/tr3ndingstories/music_engagement_posts_200/0174-quote.jpg","Instagram music engagement post asking: Which decade would you bring back?"
"🎵 What's your favorite song with a nostalgic feeling? Share your answer and discover what other music lovers are choosing!
#MusicLovers #NowPlaying #MusicDebate #SongOfTheDay #MusicCommunity - @tr3ndingstories","https://hashidosperb.github.io/imgdump/musicstory/tr3ndingstories/music_engagement_posts_200/0175-quote.jpg","Instagram music engagement post asking: What's your favorite song with a nostalgic feeling?"
"🏆 Who is your favorite artist from the 2000s? Tell us your pick and defend your choice in the comments!
#MusicLovers #ThrowbackMusic #Nostalgia #RetroMusic #MusicCommunity - @tr3ndingstories","https://hashidosperb.github.io/imgdump/musicstory/tr3ndingstories/music_engagement_posts_200/0176-quote.jpg","Instagram music engagement post asking: Who is your favorite artist from the 2000s?"
"🏆 Which song has the best intro? Tell us your pick and defend your choice in the comments!
#MusicLovers #NowPlaying #MusicDebate #SongOfTheDay #MusicCommunity - @tr3ndingstories","https://hashidosperb.github.io/imgdump/musicstory/tr3ndingstories/music_engagement_posts_200/0177-quote.jpg","Instagram music engagement post asking: Which song has the best intro?"
"🏆 What's the best debut song ever? Tell us your pick and defend your choice in the comments!
#MusicLovers #NowPlaying #MusicDebate #SongOfTheDay #MusicCommunity - @tr3ndingstories","https://hashidosperb.github.io/imgdump/musicstory/tr3ndingstories/music_engagement_posts_200/0178-quote.jpg","Instagram music engagement post asking: What's the best debut song ever?"
"🏆 Which artist deserves more streams? Tell us your pick and defend your choice in the comments!
#MusicLovers #NowPlaying #MusicDebate #SongOfTheDay #MusicCommunity - @tr3ndingstories","https://hashidosperb.github.io/imgdump/musicstory/tr3ndingstories/music_engagement_posts_200/0179-quote.jpg","Instagram music engagement post asking: Which artist deserves more streams?"
"🎵 What's your favorite song from a midnight playlist? Share your answer and discover what other music lovers are choosing!
#MusicLovers #NowPlaying #MusicDebate #SongOfTheDay #MusicCommunity - @tr3ndingstories","https://hashidosperb.github.io/imgdump/musicstory/tr3ndingstories/music_engagement_posts_200/0180-quote.jpg","Instagram music engagement post asking: What's your favorite song from a midnight playlist?"
"🏆 Best 80s pop singer? Tell us your pick and defend your choice in the comments!
#MusicLovers #ThrowbackMusic #Nostalgia #RetroMusic #MusicCommunity - @tr3ndingstories","https://hashidosperb.github.io/imgdump/musicstory/tr3ndingstories/music_engagement_posts_200/0181-quote.jpg","Instagram music engagement post asking: Best 80s pop singer?"
"🎵 What's your favorite song from 2025? Share your answer and discover what other music lovers are choosing!
#MusicLovers #NewMusic #NewGenMusic #NowPlaying #MusicCommunity - @tr3ndingstories","https://hashidosperb.github.io/imgdump/musicstory/tr3ndingstories/music_engagement_posts_200/0182-quote.jpg","Instagram music engagement post asking: What's your favorite song from 2025?"
"🏆 Which new-gen artist has the BEST voice? Tell us your pick and defend your choice in the comments!
#MusicLovers #NewMusic #NewGenMusic #NowPlaying #MusicCommunity - @tr3ndingstories","https://hashidosperb.github.io/imgdump/musicstory/tr3ndingstories/music_engagement_posts_200/0183-quote.jpg","Instagram music engagement post asking: Which new-gen artist has the BEST voice?"
"🎧 What's the most iconic music video of all time? Drop your answer below and join the music conversation!
#MusicLovers #NowPlaying #MusicDebate #SongOfTheDay #MusicCommunity - @tr3ndingstories","https://hashidosperb.github.io/imgdump/musicstory/tr3ndingstories/music_engagement_posts_200/0184-quote.jpg","Instagram music engagement post asking: What's the most iconic music video of all time?"
"🏆 Which song would you dedicate to your best friend? Tell us your pick and defend your choice in the comments!
#MusicLovers #NowPlaying #MusicDebate #SongOfTheDay #MusicCommunity - @tr3ndingstories","https://hashidosperb.github.io/imgdump/musicstory/tr3ndingstories/music_engagement_posts_200/0185-quote.jpg","Instagram music engagement post asking: Which song would you dedicate to your best friend?"
"🎵 What's your favorite 90s dance song? Share your answer and discover what other music lovers are choosing!
#MusicLovers #ThrowbackMusic #Nostalgia #RetroMusic #MusicCommunity - @tr3ndingstories","https://hashidosperb.github.io/imgdump/musicstory/tr3ndingstories/music_engagement_posts_200/0186-quote.jpg","Instagram music engagement post asking: What's your favorite 90s dance song?"
"🏆 Who is your favorite artist of all time? Tell us your pick and defend your choice in the comments!
#MusicLovers #NowPlaying #MusicDebate #SongOfTheDay #MusicCommunity - @tr3ndingstories","https://hashidosperb.github.io/imgdump/musicstory/tr3ndingstories/music_engagement_posts_200/0187-quote.jpg","Instagram music engagement post asking: Who is your favorite artist of all time?"
"🏆 Which artist has the best concert experience? Tell us your pick and defend your choice in the comments!
#MusicLovers #NowPlaying #MusicDebate #SongOfTheDay #MusicCommunity - @tr3ndingstories","https://hashidosperb.github.io/imgdump/musicstory/tr3ndingstories/music_engagement_posts_200/0188-quote.jpg","Instagram music engagement post asking: Which artist has the best concert experience?"
"🎧 What's one old song you wish was released today? Drop your answer below and join the music conversation!
#MusicLovers #ThrowbackMusic #Nostalgia #RetroMusic #MusicCommunity - @tr3ndingstories","https://hashidosperb.github.io/imgdump/musicstory/tr3ndingstories/music_engagement_posts_200/0189-quote.jpg","Instagram music engagement post asking: What's one old song you wish was released today?"
"🎧 Which song perfectly describes your life right now? Drop your answer below and join the music conversation!
#MusicLovers #NowPlaying #MusicDebate #SongOfTheDay #MusicCommunity - @tr3ndingstories","https://hashidosperb.github.io/imgdump/musicstory/tr3ndingstories/music_engagement_posts_200/0190-quote.jpg","Instagram music engagement post asking: Which song perfectly describes your life right now?"
"🏆 Best 2000s singer? Tell us your pick and defend your choice in the comments!
#MusicLovers #ThrowbackMusic #Nostalgia #RetroMusic #MusicCommunity - @tr3ndingstories","https://hashidosperb.github.io/imgdump/musicstory/tr3ndingstories/music_engagement_posts_200/0191-quote.jpg","Instagram music engagement post asking: Best 2000s singer?"
"🎵 What's your favorite song from your school days? Share your answer and discover what other music lovers are choosing!
#MusicLovers #ThrowbackMusic #Nostalgia #RetroMusic #MusicCommunity - @tr3ndingstories","https://hashidosperb.github.io/imgdump/musicstory/tr3ndingstories/music_engagement_posts_200/0192-quote.jpg","Instagram music engagement post asking: What's your favorite song from your school days?"
"🏆 Which artist will dominate the next decade? Tell us your pick and defend your choice in the comments!
#MusicLovers #ThrowbackMusic #Nostalgia #RetroMusic #MusicCommunity - @tr3ndingstories","https://hashidosperb.github.io/imgdump/musicstory/tr3ndingstories/music_engagement_posts_200/0193-quote.jpg","Instagram music engagement post asking: Which artist will dominate the next decade?"
"🎵 What's your favorite classic rock song? Share your answer and discover what other music lovers are choosing!
#MusicLovers #ThrowbackMusic #Nostalgia #RetroMusic #MusicCommunity - @tr3ndingstories","https://hashidosperb.github.io/imgdump/musicstory/tr3ndingstories/music_engagement_posts_200/0194-quote.jpg","Instagram music engagement post asking: What's your favorite classic rock song?"
"🎧 Which song deserves more attention in 2026? Drop your answer below and join the music conversation!
#MusicLovers #NewMusic #NewGenMusic #NowPlaying #MusicCommunity - @tr3ndingstories","https://hashidosperb.github.io/imgdump/musicstory/tr3ndingstories/music_engagement_posts_200/0195-quote.jpg","Instagram music engagement post asking: Which song deserves more attention in 2026?"
"🏆 Who is the best singer of all time? Tell us your pick and defend your choice in the comments!
#MusicLovers #NowPlaying #MusicDebate #SongOfTheDay #MusicCommunity - @tr3ndingstories","https://hashidosperb.github.io/imgdump/musicstory/tr3ndingstories/music_engagement_posts_200/0196-quote.jpg","Instagram music engagement post asking: Who is the best singer of all time?"
"🎵 What's your favorite song from the year you were born? Share your answer and discover what other music lovers are choosing!
#MusicLovers #NowPlaying #MusicDebate #SongOfTheDay #MusicCommunity - @tr3ndingstories","https://hashidosperb.github.io/imgdump/musicstory/tr3ndingstories/music_engagement_posts_200/0197-quote.jpg","Instagram music engagement post asking: What's your favorite song from the year you were born?"
"🏆 Which artist has the best collection of hits? Tell us your pick and defend your choice in the comments!
#MusicLovers #NowPlaying #MusicDebate #SongOfTheDay #MusicCommunity - @tr3ndingstories","https://hashidosperb.github.io/imgdump/musicstory/tr3ndingstories/music_engagement_posts_200/0198-quote.jpg","Instagram music engagement post asking: Which artist has the best collection of hits?"
"🎧 What's one song you would play for someone who doesn't know your music taste? Drop your answer below and join the music conversation!
#MusicLovers #NowPlaying #MusicDebate #SongOfTheDay #MusicCommunity - @tr3ndingstories","https://hashidosperb.github.io/imgdump/musicstory/tr3ndingstories/music_engagement_posts_200/0199-quote.jpg","Instagram music engagement post asking: What's one song you would play for someone who doesn't know your music taste?"
"🔥 If you could bring back ONE music era, which would you choose? Pick your side and tag a friend who would choose differently!
#MusicLovers #NowPlaying #MusicDebate #SongOfTheDay #MusicCommunity - @tr3ndingstories","https://hashidosperb.github.io/imgdump/musicstory/tr3ndingstories/music_engagement_posts_200/0200-quote.jpg","Instagram music engagement post asking: If you could bring back ONE music era, which would you choose?"
