description,image_url
"a little the weeknd moment 🌙🎶
#theweeknd #xo #musiclover - @myfavoriteplaylists","https://hashidosperb.github.io/imgdump/musicstory/singers_posts_100/0002-quote.jpg"
"a little bruno mars moment 🎶✨
#brunomars #24kmagic #musiclover - @myfavoriteplaylists","https://hashidosperb.github.io/imgdump/musicstory/singers_posts_100/0003-quote.jpg"
"a little rihanna moment 🎶🖤
#rihanna #rihannafans #musiclover - @myfavoriteplaylists","https://hashidosperb.github.io/imgdump/musicstory/singers_posts_100/0004-quote.jpg"
"a little ariana grande moment ☁️🎶
#arianagrande #arianators #musiclover - @myfavoriteplaylists","https://hashidosperb.github.io/imgdump/musicstory/singers_posts_100/0005-quote.jpg"
"a little justin bieber moment 🎧💜
#justinbieber #beliebers #musiclover - @myfavoriteplaylists","https://hashidosperb.github.io/imgdump/musicstory/singers_posts_100/0006-quote.jpg"
"a little bad bunny moment 🐰🎶
#badbunny #benito #musiclover - @myfavoriteplaylists","https://hashidosperb.github.io/imgdump/musicstory/singers_posts_100/0007-quote.jpg"
"a little lady gaga moment ✨🎤
#ladygaga #littlemonsters #musiclover - @myfavoriteplaylists","https://hashidosperb.github.io/imgdump/musicstory/singers_posts_100/0008-quote.jpg"
"a little drake moment 🎧🌙
#drake #ovofam #musiclover - @myfavoriteplaylists","https://hashidosperb.github.io/imgdump/musicstory/singers_posts_100/0009-quote.jpg"
"a little ed sheeran moment 🎸🧡
#edsheeran #sheerios #musiclover - @myfavoriteplaylists","https://hashidosperb.github.io/imgdump/musicstory/singers_posts_100/0010-quote.jpg"
"a little billie eilish moment 🖤🎶
#billieeilish #billieeilishfans #musiclover - @myfavoriteplaylists","https://hashidosperb.github.io/imgdump/musicstory/singers_posts_100/0011-quote.jpg"
"a little beyoncé moment 👑🎶
#beyonce #beyhive #musiclover - @myfavoriteplaylists","https://hashidosperb.github.io/imgdump/musicstory/singers_posts_100/0012-quote.jpg"
"a little dua lipa moment 💫🎶
#dualipa #dualipafans #musiclover - @myfavoriteplaylists","https://hashidosperb.github.io/imgdump/musicstory/singers_posts_100/0013-quote.jpg"
"a little sza moment 🌙🎶
#sza #szafans #musiclover - @myfavoriteplaylists","https://hashidosperb.github.io/imgdump/musicstory/singers_posts_100/0014-quote.jpg"
"a little sabrina carpenter moment 💌🎶
#sabrinacarpenter #shortn sweet #musiclover - @myfavoriteplaylists","https://hashidosperb.github.io/imgdump/musicstory/singers_posts_100/0015-quote.jpg"
"a little olivia rodrigo moment 💜🎸
#oliviarodrigo #livies #musiclover - @myfavoriteplaylists","https://hashidosperb.github.io/imgdump/musicstory/singers_posts_100/0016-quote.jpg"
"a little adele moment 🖤🎶
#adele #adelefans #musiclover - @myfavoriteplaylists","https://hashidosperb.github.io/imgdump/musicstory/singers_posts_100/0017-quote.jpg"
"a little harry styles moment 🍒🎶
#harrystyles #harrystylesfans #musiclover - @myfavoriteplaylists","https://hashidosperb.github.io/imgdump/musicstory/singers_posts_100/0018-quote.jpg"
"a little lana del rey moment 🌹🎶
#lanadelrey #lanadelreyfans #musiclover - @myfavoriteplaylists","https://hashidosperb.github.io/imgdump/musicstory/singers_posts_100/0019-quote.jpg"
"a little miley cyrus moment 💫🎶
#mileycyrus #mileycyrusfans #musiclover - @myfavoriteplaylists","https://hashidosperb.github.io/imgdump/musicstory/singers_posts_100/0020-quote.jpg"
"a little selena gomez moment 🌸🎶
#selenagomez #selenators #musiclover - @myfavoriteplaylists","https://hashidosperb.github.io/imgdump/musicstory/singers_posts_100/0021-quote.jpg"
"a little katy perry moment 💖🎶
#katyperry #katycats #musiclover - @myfavoriteplaylists","https://hashidosperb.github.io/imgdump/musicstory/singers_posts_100/0022-quote.jpg"
"a little nicki minaj moment 💅🎶
#nickiminaj #barbz #musiclover - @myfavoriteplaylists","https://hashidosperb.github.io/imgdump/musicstory/singers_posts_100/0023-quote.jpg"
"a little eminem moment 🎤🔥
#eminem #stans #musiclover - @myfavoriteplaylists","https://hashidosperb.github.io/imgdump/musicstory/singers_posts_100/0024-quote.jpg"
"a little kendrick lamar moment 🎤🔥
#kendricklamar #kdot #musiclover - @myfavoriteplaylists","https://hashidosperb.github.io/imgdump/musicstory/singers_posts_100/0025-quote.jpg"
"a little post malone moment 🎸🎶
#postmalone #posty #musiclover - @myfavoriteplaylists","https://hashidosperb.github.io/imgdump/musicstory/singers_posts_100/0026-quote.jpg"
"a little travis scott moment 🌵🎶
#travisscott #cactusjack #musiclover - @myfavoriteplaylists","https://hashidosperb.github.io/imgdump/musicstory/singers_posts_100/0027-quote.jpg"
"a little doja cat moment 🐆🎶
#dojacat #dojacatfans #musiclover - @myfavoriteplaylists","https://hashidosperb.github.io/imgdump/musicstory/singers_posts_100/0028-quote.jpg"
"a little chris brown moment 🎶✨
#chrisbrown #teambreezy #musiclover - @myfavoriteplaylists","https://hashidosperb.github.io/imgdump/musicstory/singers_posts_100/0029-quote.jpg"
"a little maroon 5 moment 🎸❤️
#maroon5 #maroon5fans #musiclover - @myfavoriteplaylists","https://hashidosperb.github.io/imgdump/musicstory/singers_posts_100/0030-quote.jpg"
"a little coldplay moment 🌌🎶
#coldplay #coldplayers #musiclover - @myfavoriteplaylists","https://hashidosperb.github.io/imgdump/musicstory/singers_posts_100/0031-quote.jpg"
"a little david guetta moment 🎧✨
#davidguetta #dance music #musiclover - @myfavoriteplaylists","https://hashidosperb.github.io/imgdump/musicstory/singers_posts_100/0032-quote.jpg"
"a little pitbull moment 🕺🎶
#pitbull #mr305 #musiclover - @myfavoriteplaylists","https://hashidosperb.github.io/imgdump/musicstory/singers_posts_100/0033-quote.jpg"
"a little sia moment 🎶✨
#sia #siamusic #musiclover - @myfavoriteplaylists","https://hashidosperb.github.io/imgdump/musicstory/singers_posts_100/0034-quote.jpg"
"a little mariah carey moment ✨🎶
#mariahcarey #lambily #musiclover - @myfavoriteplaylists","https://hashidosperb.github.io/imgdump/musicstory/singers_posts_100/0035-quote.jpg"
"a little britney spears moment 💖🎶
#britneyspears #britneyfans #musiclover - @myfavoriteplaylists","https://hashidosperb.github.io/imgdump/musicstory/singers_posts_100/0036-quote.jpg"
"a little madonna moment 👑🎶
#madonna #madonnalovers #musiclover - @myfavoriteplaylists","https://hashidosperb.github.io/imgdump/musicstory/singers_posts_100/0037-quote.jpg"
"a little michael jackson moment 🕺✨
#michaeljackson #mjfans #musiclover - @myfavoriteplaylists","https://hashidosperb.github.io/imgdump/musicstory/singers_posts_100/0038-quote.jpg"
"a little justin timberlake moment 🎶✨
#justintimberlake #jt #musiclover - @myfavoriteplaylists","https://hashidosperb.github.io/imgdump/musicstory/singers_posts_100/0039-quote.jpg"
"a little sam smith moment 🌙🎶
#samsmith #samsmithfans #musiclover - @myfavoriteplaylists","https://hashidosperb.github.io/imgdump/musicstory/singers_posts_100/0040-quote.jpg"
"a little shawn mendes moment 🎸🤍
#shawnmendes #mendesarmy #musiclover - @myfavoriteplaylists","https://hashidosperb.github.io/imgdump/musicstory/singers_posts_100/0041-quote.jpg"
"a little charlie puth moment 🎹🎶
#charlieputh #puth #musiclover - @myfavoriteplaylists","https://hashidosperb.github.io/imgdump/musicstory/singers_posts_100/0042-quote.jpg"
"a little khalid moment 🌙🎶
#khalid #khalidfans #musiclover - @myfavoriteplaylists","https://hashidosperb.github.io/imgdump/musicstory/singers_posts_100/0043-quote.jpg"
"a little jlo moment 💃✨
#jlo #jenniferlopez #musiclover - @myfavoriteplaylists","https://hashidosperb.github.io/imgdump/musicstory/singers_posts_100/0044-quote.jpg"
"a little usher moment 🎶✨
#usher #usherfans #musiclover - @myfavoriteplaylists","https://hashidosperb.github.io/imgdump/musicstory/singers_posts_100/0045-quote.jpg"
"a little shakira moment 💃🎶
#shakira #shakirafans #musiclover - @myfavoriteplaylists","https://hashidosperb.github.io/imgdump/musicstory/singers_posts_100/0046-quote.jpg"
"a little karol g moment 💙🎶
#karolg #bichota #musiclover - @myfavoriteplaylists","https://hashidosperb.github.io/imgdump/musicstory/singers_posts_100/0047-quote.jpg"
"a little j balvin moment 🌈🎶
#jbalvin #latinomusic #musiclover - @myfavoriteplaylists","https://hashidosperb.github.io/imgdump/musicstory/singers_posts_100/0048-quote.jpg"
"a little bad bunny moment 🐰🎶
#badbunny #puertorico #musiclover - @myfavoriteplaylists","https://hashidosperb.github.io/imgdump/musicstory/singers_posts_100/0049-quote.jpg"
"a little peso pluma moment 🎶🔥
#pesopluma #regionalmexicano #musiclover - @myfavoriteplaylists","https://hashidosperb.github.io/imgdump/musicstory/singers_posts_100/0050-quote.jpg"
"a little feid moment 💚🎶
#feid #ferxxo #musiclover - @myfavoriteplaylists","https://hashidosperb.github.io/imgdump/musicstory/singers_posts_100/0051-quote.jpg"
"a little maluma moment 🔥🎶
#maluma #malumafans #musiclover - @myfavoriteplaylists","https://hashidosperb.github.io/imgdump/musicstory/singers_posts_100/0052-quote.jpg"
"a little anitta moment 💃🎶
#anitta #anittafans #musiclover - @myfavoriteplaylists","https://hashidosperb.github.io/imgdump/musicstory/singers_posts_100/0053-quote.jpg"
"a little tyla moment 🌊🎶
#tyla #tylafans #musiclover - @myfavoriteplaylists","https://hashidosperb.github.io/imgdump/musicstory/singers_posts_100/0054-quote.jpg"
"a little burna boy moment 🌍🎶
#burnaboy #afrobeats #musiclover - @myfavoriteplaylists","https://hashidosperb.github.io/imgdump/musicstory/singers_posts_100/0055-quote.jpg"
"a little wizkid moment 🌍🎶
#wizkid #afrobeats #musiclover - @myfavoriteplaylists","https://hashidosperb.github.io/imgdump/musicstory/singers_posts_100/0056-quote.jpg"
"a little tems moment 🌙🎶
#tems #afrobeats #musiclover - @myfavoriteplaylists","https://hashidosperb.github.io/imgdump/musicstory/singers_posts_100/0057-quote.jpg"
"a little central cee moment 🎧🔥
#centralcee #ukrap #musiclover - @myfavoriteplaylists","https://hashidosperb.github.io/imgdump/musicstory/singers_posts_100/0058-quote.jpg"
"a little future moment 🌙🎶
#future #freebandz #musiclover - @myfavoriteplaylists","https://hashidosperb.github.io/imgdump/musicstory/singers_posts_100/0059-quote.jpg"
"a little lil baby moment 🎧🔥
#lilbaby #lilbabyfans #musiclover - @myfavoriteplaylists","https://hashidosperb.github.io/imgdump/musicstory/singers_posts_100/0060-quote.jpg"
"a little 21 savage moment 🗡️🎶
#21savage #slaughtergang #musiclover - @myfavoriteplaylists","https://hashidosperb.github.io/imgdump/musicstory/singers_posts_100/0061-quote.jpg"
"a little jack harlow moment 🎶✨
#jackharlow #harlow #musiclover - @myfavoriteplaylists","https://hashidosperb.github.io/imgdump/musicstory/singers_posts_100/0062-quote.jpg"
"a little tyler moment 🌸🎶
#tylerthecreator #golfwang #musiclover - @myfavoriteplaylists","https://hashidosperb.github.io/imgdump/musicstory/singers_posts_100/0063-quote.jpg"
"a little j cole moment 🎤🎶
#jcole #dreamville #musiclover - @myfavoriteplaylists","https://hashidosperb.github.io/imgdump/musicstory/singers_posts_100/0064-quote.jpg"
"a little meg moment 🔥🎶
#megantheestallion #hotties #musiclover - @myfavoriteplaylists","https://hashidosperb.github.io/imgdump/musicstory/singers_posts_100/0065-quote.jpg"
"a little cardi b moment 💅🎶
#cardib #bardigang #musiclover - @myfavoriteplaylists","https://hashidosperb.github.io/imgdump/musicstory/singers_posts_100/0066-quote.jpg"
"a little kanye moment 🎶✨
#kanyewest #ye #musiclover - @myfavoriteplaylists","https://hashidosperb.github.io/imgdump/musicstory/singers_posts_100/0067-quote.jpg"
"a little beyoncé moment 👑🎶
#beyonce #beyhive #musiclover - @myfavoriteplaylists","https://hashidosperb.github.io/imgdump/musicstory/singers_posts_100/0068-quote.jpg"
"a little jungkook moment 💜🎶
#jungkook #bts #musiclover - @myfavoriteplaylists","https://hashidosperb.github.io/imgdump/musicstory/singers_posts_100/0069-quote.jpg"
"a little lisa moment 🖤🎶
#lisa #blackpink #musiclover - @myfavoriteplaylists","https://hashidosperb.github.io/imgdump/musicstory/singers_posts_100/0070-quote.jpg"
"a little jennie moment 🖤🎶
#jennie #blackpink #musiclover - @myfavoriteplaylists","https://hashidosperb.github.io/imgdump/musicstory/singers_posts_100/0071-quote.jpg"
"a little rosé moment 🌹🎶
#rose #blackpink #musiclover - @myfavoriteplaylists","https://hashidosperb.github.io/imgdump/musicstory/singers_posts_100/0072-quote.jpg"
"a little iu moment 🌸🎶
#iu #uaena #musiclover - @myfavoriteplaylists","https://hashidosperb.github.io/imgdump/musicstory/singers_posts_100/0073-quote.jpg"
"a little psy moment 🎶✨
#psy #kpop #musiclover - @myfavoriteplaylists","https://hashidosperb.github.io/imgdump/musicstory/singers_posts_100/0074-quote.jpg"
"a little shreya ghoshal moment 🎶🤍
#shreyaghoshal #bollywoodmusic #musiclover - @myfavoriteplaylists","https://hashidosperb.github.io/imgdump/musicstory/singers_posts_100/0075-quote.jpg"
"a little arijit singh moment 🌙🎶
#arijitsingh #bollywoodmusic #musiclover - @myfavoriteplaylists","https://hashidosperb.github.io/imgdump/musicstory/singers_posts_100/0076-quote.jpg"
"a little diljit moment 🪩🎶
#diljitdosanjh #punjabimusic #musiclover - @myfavoriteplaylists","https://hashidosperb.github.io/imgdump/musicstory/singers_posts_100/0077-quote.jpg"
"a little ar rahman moment 🎹✨
#arrahman #indianmusic #musiclover - @myfavoriteplaylists","https://hashidosperb.github.io/imgdump/musicstory/singers_posts_100/0078-quote.jpg"
"a little anirudh moment 🎶🔥
#anirudh #kollywood #musiclover - @myfavoriteplaylists","https://hashidosperb.github.io/imgdump/musicstory/singers_posts_100/0079-quote.jpg"
"a little sid sriram moment 🎶🤍
#sidsriram #indianmusic #musiclover - @myfavoriteplaylists","https://hashidosperb.github.io/imgdump/musicstory/singers_posts_100/0080-quote.jpg"
"a little honey singh moment 🎧🔥
#yoyohoneysingh #desimusic #musiclover - @myfavoriteplaylists","https://hashidosperb.github.io/imgdump/musicstory/singers_posts_100/0081-quote.jpg"
"a little badshah moment 🎶🔥
#badshah #desimusic #musiclover - @myfavoriteplaylists","https://hashidosperb.github.io/imgdump/musicstory/singers_posts_100/0082-quote.jpg"
"a little jubin nautiyal moment 🌙🎶
#jubinnautiyal #bollywoodmusic #musiclover - @myfavoriteplaylists","https://hashidosperb.github.io/imgdump/musicstory/singers_posts_100/0083-quote.jpg"
"a little linkin park moment 🖤🎸
#linkinpark #lpfamily #musiclover - @myfavoriteplaylists","https://hashidosperb.github.io/imgdump/musicstory/singers_posts_100/0084-quote.jpg"
"a little onerepublic moment 🎸✨
#onerepublic #onerepublicfans #musiclover - @myfavoriteplaylists","https://hashidosperb.github.io/imgdump/musicstory/singers_posts_100/0085-quote.jpg"
"a little elton john moment 🎹✨
#eltonjohn #eltonjohnfans #musiclover - @myfavoriteplaylists","https://hashidosperb.github.io/imgdump/musicstory/singers_posts_100/0086-quote.jpg"
"a little whitney houston moment ✨🎶
#whitneyhouston #whitneyfans #musiclover - @myfavoriteplaylists","https://hashidosperb.github.io/imgdump/musicstory/singers_posts_100/0087-quote.jpg"
